date,r2_level_pct,r2_level_ML,r1_level_pct,r1_level_ML,pump_river_to_r1_ML_day,pump_r1_to_r2_ML_day,pump_r2_to_site_ML_day,demand_supplied_ML_day,r1_storage_change_ML,r2_storage_change_ML,is_original_measurement,has_r1_level,has_r2_level,has_river_pump,has_r1_r2_pump,has_r2_site_pump
2017-01-11,80.79020144682562,1114.9047799661935,,,,,,,,,True,False,True,False,False,False
2017-01-18,80.55863634782584,1111.7091815999966,,,,,,,,-3.1955983661969185,True,False,True,False,False,False
2017-01-25,79.4073195597821,1095.821009924993,,,,,,,,-15.888171675003605,True,False,True,False,False,False
2017-02-01,77.81362888626052,1073.828078630395,,,,,,,,-21.992931294597838,True,False,True,False,False,False
2017-02-08,76.01804347826089,1049.0490000000002,,,,,,,,-24.779078630394906,True,False,True,False,False,False
2017-02-15,73.81192991304296,1018.6046327999929,,,,,,,,-30.444367200007264,True,False,True,False,False,False
2017-02-22,74.41598346548054,1026.9405718236317,,,,,,,,8.33593902363873,False,False,True,False,False,False
2017-03-01,75.02003701791813,1035.2765108472702,,,,,,,,8.335939023638502,True,False,True,False,False,False
2017-03-08,74.37788088488064,1026.4147562113528,,,,,,,,-8.86175463591735,False,False,True,False,False,False
2017-03-15,73.73572475184315,1017.5530015754355,,,,,,,,-8.86175463591735,False,False,True,False,False,False
2017-03-22,73.09356861880566,1008.6912469395182,,,,,,,,-8.861754635917237,False,False,True,False,False,False
2017-03-29,72.45141248576817,999.8294923036009,,,,,,,,-8.86175463591735,False,False,True,False,False,False
2017-04-05,,,,,,,,,,,False,False,False,False,False,False
2017-04-12,,,,,,,,,,,False,False,False,False,False,False
2017-04-19,,,,,,,,,,,False,False,False,False,False,False
2017-04-26,,,,,,,,,,,False,False,False,False,False,False
2017-05-03,,,,,,,,,,,False,False,False,False,False,False
2017-05-10,,,,,,,,,,,False,False,False,False,False,False
2017-05-17,,,,,,,,,,,False,False,False,False,False,False
2017-05-24,,,,,,,,,,,False,False,False,False,False,False
2017-05-31,,,,,,,,,,,False,False,False,False,False,False
2017-06-07,,,,,,,,,,,False,False,False,False,False,False
2017-06-14,,,,,,,,,,,False,False,False,False,False,False
2017-06-21,,,,,,,,,,,False,False,False,False,False,False
2017-06-28,,,,,,,,,,,False,False,False,False,False,False
2017-07-05,,,,,,,,,,,False,False,False,False,False,False
2017-07-12,,,,,,,,,,,False,False,False,False,False,False
2017-07-19,,,,,,,,,,,False,False,False,False,False,False
2017-07-26,,,,,,,,,,,False,False,False,False,False,False
2017-08-02,,,,,,,,,,,False,False,False,False,False,False
2017-08-09,,,,,,,,,,,False,False,False,False,False,False
2017-08-16,,,,,,,,,,,False,False,False,False,False,False
2017-08-23,,,,,,,,,,,False,False,False,False,False,False
2017-08-30,,,,,,,,,,,False,False,False,False,False,False
2017-09-06,,,,,,,,,,,False,False,False,False,False,False
2017-09-13,,,,,,,,,,,False,False,False,False,False,False
2017-09-20,,,,,,,,,,,False,False,False,False,False,False
2017-09-27,,,,,,,,,,,False,False,False,False,False,False
2017-10-04,,,,,,,,,,,False,False,False,False,False,False
2017-10-11,,,,,,,,,,,False,False,False,False,False,False
2017-10-18,,,,,,,,,,,False,False,False,False,False,False
2017-10-25,,,,,,,,,,,False,False,False,False,False,False
2017-11-01,,,,,,,,,,,False,False,False,False,False,False
2017-11-08,,,,,,,,,,,False,False,False,False,False,False
2017-11-15,,,,,,,,,,,False,False,False,False,False,False
2017-11-22,,,,,,,,,,,False,False,False,False,False,False
2017-11-29,,,,,,,,,,,False,False,False,False,False,False
2017-12-06,,,,,,,,,,,False,False,False,False,False,False
2017-12-13,,,,,,,,,,,False,False,False,False,False,False
2017-12-20,,,,,,,,,,,False,False,False,False,False,False
2017-12-27,,,,,,,,,,,False,False,False,False,False,False
2018-01-03,,,,,,,,,,,False,False,False,False,False,False
2018-01-10,,,,,,,,,,,False,False,False,False,False,False
2018-01-17,,,,,,,,,,,False,False,False,False,False,False
2018-01-24,,,,,,,,,,,False,False,False,False,False,False
2018-01-31,,,,,,,,,,,False,False,False,False,False,False
2018-02-07,,,,,,,,,,,False,False,False,False,False,False
2018-02-14,42.91223036604375,592.1887790514038,,,,,,,,,True,False,True,False,False,False
2018-02-21,43.777065173224216,604.1234993904942,,,,,,,,11.934720339090404,False,False,True,False,False,False
2018-02-28,44.64189998040468,616.0582197295846,,,,,,,,11.934720339090404,False,False,True,False,False,False
2018-03-07,45.50673478758514,627.992940068675,,,,,,,,11.934720339090404,False,False,True,False,False,False
2018-03-14,46.3715695947656,639.9276604077654,,,,,,,,11.934720339090404,False,False,True,False,False,False
2018-03-21,,,,,,,,,,,False,False,False,False,False,False
2018-03-28,,,,,,,,,,,False,False,False,False,False,False
2018-04-04,,,,,,,,,,,False,False,False,False,False,False
2018-04-11,,,,,,,,,,,False,False,False,False,False,False
2018-04-18,,,,,,,,,,,False,False,False,False,False,False
2018-04-25,,,,,,,,,,,False,False,False,False,False,False
2018-05-02,,,27.445488596365074,357.6147164106369,,,,,,,True,True,False,False,False,False
2018-05-09,,,28.703503168176166,374.0066462813354,,,,,16.391929870698505,,False,True,False,False,False,False
2018-05-16,,,29.961517739987254,390.3985761520339,,,,,16.391929870698505,,False,True,False,False,False,False
2018-05-23,,,31.219532311798346,406.7905060227324,,,,,16.391929870698505,,False,True,False,False,False,False
2018-05-30,,,32.477546883609435,423.1824358934309,,,,,16.391929870698505,,False,True,False,False,False,False
2018-06-06,,,,,,,,,,,False,False,False,False,False,False
2018-06-13,,,,,,,,,,,False,False,False,False,False,False
2018-06-20,,,,,,,,,,,False,False,False,False,False,False
2018-06-27,,,,,,,,,,,False,False,False,False,False,False
2018-07-04,,,,,,,,,,,False,False,False,False,False,False
2018-07-11,,,,,,,,,,,False,False,False,False,False,False
2018-07-18,,,,,,,,,,,False,False,False,False,False,False
2018-07-25,,,,,,,,,,,False,False,False,False,False,False
2018-08-01,,,,,,,,,,,False,False,False,False,False,False
2018-08-08,,,,,,,,,,,False,False,False,False,False,False
2018-08-15,,,,,,,,,,,False,False,False,False,False,False
2018-08-22,,,,,,,,,,,False,False,False,False,False,False
2018-08-29,,,,,,,,,,,False,False,False,False,False,False
2018-09-05,,,,,,,,,,,False,False,False,False,False,False
2018-09-12,,,,,,,,,,,False,False,False,False,False,False
2018-09-19,,,,,,,,,,,False,False,False,False,False,False
2018-09-26,,,,,,,,,,,False,False,False,False,False,False
2018-10-03,,,,,,,,,,,False,False,False,False,False,False
2018-10-10,,,,,,,,,,,False,False,False,False,False,False
2018-10-17,,,,,,,,,,,False,False,False,False,False,False
2018-10-24,,,,,,,,,,,False,False,False,False,False,False
2018-10-31,,,,,,,,,,,False,False,False,False,False,False
2018-11-07,,,,,,,,,,,False,False,False,False,False,False
2018-11-14,,,,,,,,,,,False,False,False,False,False,False
2018-11-21,,,,,,,,,,,False,False,False,False,False,False
2018-11-28,,,,,,,,,,,False,False,False,False,False,False
2018-12-05,,,,,,,,,,,False,False,False,False,False,False
2018-12-12,,,,,,,,,,,False,False,False,False,False,False
2018-12-19,,,,,,,,,,,False,False,False,False,False,False
2018-12-26,,,,,,,,,,,False,False,False,False,False,False
2019-01-02,,,,,,,,,,,False,False,False,False,False,False
2019-01-09,,,,,,,,,,,False,False,False,False,False,False
2019-01-16,,,,,,,,,,,False,False,False,False,False,False
2019-01-23,,,,,,,,,,,False,False,False,False,False,False
2019-01-30,,,,,,,,,,,False,False,False,False,False,False
2019-02-06,,,,,,,,,,,False,False,False,False,False,False
2019-02-13,,,79.02408604061979,1029.6838411092758,,,,,,,True,True,False,False,False,False
2019-02-20,,,75.1046859842946,978.6140583753586,,,,,-51.069782733917236,,False,True,False,False,False,False
2019-02-27,,,71.1852859279694,927.5442756414413,,,,,-51.069782733917236,,False,True,False,False,False,False
2019-03-06,,,67.26588587164422,876.4744929075241,,,,,-51.069782733917236,,False,True,False,False,False,False
2019-03-13,,,63.34648581531903,825.4047101736069,,,,,-51.069782733917236,,False,True,False,False,False,False
2019-03-20,,,,,,,,,,,False,False,False,False,False,False
2019-03-27,,,,,,,,,,,False,False,False,False,False,False
2019-04-03,,,,,,,,,,,False,False,False,False,False,False
2019-04-10,,,,,,,,,,,False,False,False,False,False,False
2019-04-17,,,,,,,,,,,False,False,False,False,False,False
2019-04-24,96.53198841123248,1332.1414400750082,39.830085477367874,518.9860137701035,,,,,,,True,True,True,False,False,False
2019-05-01,94.91979089825253,1309.8931143958848,36.78607398148051,479.3225439786911,,,,,-39.66346979141235,-22.248325679123354,False,True,True,False,False,False
2019-05-08,93.30759338527258,1287.6447887167617,33.74206248559315,439.65907418727875,,,,,-39.66346979141235,-22.248325679123127,False,True,True,False,False,False
2019-05-15,91.69539587229264,1265.3964630376383,30.698050989705788,399.9956043958664,,,,,-39.66346979141235,-22.248325679123354,True,True,True,False,False,False
2019-05-22,90.08319835931269,1243.1481373585152,36.738900642438935,478.7078753709793,,,,,78.71227097511292,-22.248325679123127,False,True,True,False,False,False
2019-05-29,,,42.77975029517208,557.4201463460922,,,,,78.71227097511292,,False,True,False,False,False,False
2019-06-05,,,48.82059994790522,636.1324173212051,,,,,78.71227097511292,,False,True,False,False,False,False
2019-06-12,,,54.86144960063837,714.844688296318,,,,,78.71227097511292,,False,True,False,False,False,False
2019-06-19,,,,,,,,,,,False,False,False,False,False,False
2019-06-26,,,,,,,,,,,False,False,False,False,False,False
2019-07-03,,,,,,,,,,,False,False,False,False,False,False
2019-07-10,,,,,,,,,,,False,False,False,False,False,False
2019-07-17,,,,,,,,,,,False,False,False,False,False,False
2019-07-24,75.57342074249317,1042.9132062464057,91.10654751703726,1187.1183141469955,,,,,,,True,True,True,False,False,False
2019-07-31,74.56017389392782,1028.930399736204,86.28366452379062,1124.2761487449918,,,,,-62.84216540200373,-13.982806510201726,False,True,True,False,False,False
2019-08-07,73.54692704536248,1014.9475932260021,81.46078153054398,1061.433983342988,,,,,-62.84216540200373,-13.98280651020184,False,True,True,False,False,False
2019-08-14,72.53368019679714,1000.9647867158004,76.63789853729735,998.5918179409845,,,,,-62.842165402003616,-13.982806510201726,False,True,True,False,False,False
2019-08-21,71.52043334823179,986.9819802055987,71.81501554405071,935.7496525389807,,,,,-62.84216540200373,-13.982806510201726,False,True,True,False,False,False
2019-08-28,,,,,,,,,,,False,False,False,False,False,False
2019-09-04,,,,,,,,,,,False,False,False,False,False,False
2019-09-11,68.48069280253576,945.0335606749934,57.34636656431079,747.2231563329697,,5.033333333333455,3.3081666666666667,3.3081666666666667,,,True,True,True,False,True,True
2019-09-18,67.21493106421451,925.7003396263754,57.0056425994074,742.7835230702784,,5.033333333333455,3.3081666666666667,3.3081666666666667,-4.439633262691245,-19.333221048618043,False,True,True,False,True,True
2019-09-25,65.94916932589325,906.3671185777573,56.664918634504005,738.3438898075873,,5.033333333333455,3.3081666666666667,3.3081666666666667,-4.439633262691132,-19.333221048618043,False,True,True,False,True,True
2019-10-02,64.683407587572,887.0338975291392,56.324194669600615,733.904256544896,,,,,-4.439633262691245,-19.333221048618157,False,True,True,False,False,False
2019-10-09,63.417645849250746,867.7006764805211,55.98347070469722,729.4646232822048,,,,,-4.439633262691245,-19.333221048618043,False,True,True,False,False,False
2019-10-16,,,,,,,,,,,False,False,False,False,False,False
2019-10-23,,,,,,,,,,,False,False,False,False,False,False
2019-10-30,,,,,,,,,,,False,False,False,False,False,False
2019-11-06,,,,,,,,,,,False,False,False,False,False,False
2019-11-13,,,,,,,,,,,False,False,False,False,False,False
2019-11-20,,,,,,,,,,,False,False,False,False,False,False
2019-11-27,,,,,,,,,,,False,False,False,False,False,False
2019-12-04,,,,,,,,,,,False,False,False,False,False,False
2019-12-11,,,,,,,,,,,False,False,False,False,False,False
2019-12-18,,,,,,,,,,,False,False,False,False,False,False
2019-12-25,,,,,,,,,,,False,False,False,False,False,False
2020-01-01,,,,,,,,,,,False,False,False,False,False,False
2020-01-08,,,,,,,,,,,False,False,False,False,False,False
2020-01-15,,,,,,,,,,,False,False,False,False,False,False
2020-01-22,,,,,,,,,,,False,False,False,False,False,False
2020-01-29,,,,,,,,,,,False,False,False,False,False,False
2020-02-05,,,,,,,,,,,False,False,False,False,False,False
2020-02-12,,,,,,,,,,,False,False,False,False,False,False
2020-02-19,39.36817282114697,500.36947655677795,,,,,,,,,True,False,True,False,False,False
2020-02-26,44.05867002968897,559.9856960773468,,,,,,,,59.61621952056885,True,False,True,False,False,False
2020-03-04,44.87661769762525,570.3818109368169,,,,,,,,10.396114859470117,False,False,True,False,False,False
2020-03-11,45.69456536556152,580.777925796287,,,,,,,,10.396114859470117,False,False,True,False,False,False
2020-03-18,46.512513033497804,591.1740406557572,,,,,,,,10.396114859470117,False,False,True,False,False,False
2020-03-25,47.330460701434085,601.5701555152272,,,,,,,,10.396114859470003,False,False,True,False,False,False
2020-04-01,,,,,,,,,,,False,False,False,False,False,False
2020-04-08,,,,,,,,,,,False,False,False,False,False,False
2020-04-15,,,,,,,,,,,False,False,False,False,False,False
2020-04-22,,,,,,,,,,,False,False,False,False,False,False
2020-04-29,,,,,,,,,,,False,False,False,False,False,False
2020-05-06,,,,,,,,,,,False,False,False,False,False,False
2020-05-13,,,,,,,,,,,False,False,False,False,False,False
2020-05-20,,,,,,,,,,,False,False,False,False,False,False
2020-05-27,,,,,,,,,,,False,False,False,False,False,False
2020-06-03,,,,,,,,,,,False,False,False,False,False,False
2020-06-10,,,,,,,,,,,False,False,False,False,False,False
2020-06-17,,,,,,,,,,,False,False,False,False,False,False
2020-06-24,,,,,,,,,,,False,False,False,False,False,False
2020-07-01,,,,,,,,,,,False,False,False,False,False,False
2020-07-08,,,,,,,,,,,False,False,False,False,False,False
2020-07-15,,,,,,,,,,,False,False,False,False,False,False
2020-07-22,,,,,,,,,,,False,False,False,False,False,False
2020-07-29,,,,,,,,,,,False,False,False,False,False,False
2020-08-05,,,,,,4.259999999999854,4.284520000000018,4.284520000000018,,,True,False,False,False,True,True
2020-08-12,,,,,,4.259999999999854,4.284520000000018,4.284520000000018,,,False,False,False,False,True,True
2020-08-19,,,,,,4.259999999999854,4.284520000000018,4.284520000000018,,,False,False,False,False,True,True
2020-08-26,,,,,,,,,,,False,False,False,False,False,False
2020-09-02,,,,,,,,,,,False,False,False,False,False,False
2020-09-09,,,,,,,,,,,False,False,False,False,False,False
2020-09-16,,,,,,,,,,,False,False,False,False,False,False
2020-09-23,,,,,,,,,,,False,False,False,False,False,False
2020-09-30,,,,,,,,,,,False,False,False,False,False,False
2020-10-07,,,,,,,,,,,False,False,False,False,False,False
2020-10-14,,,,,,,,,,,False,False,False,False,False,False
2020-10-21,,,,,,,,,,,False,False,False,False,False,False
2020-10-28,,,,,,,,,,,False,False,False,False,False,False
2020-11-04,,,,,,,,,,,False,False,False,False,False,False
2020-11-11,,,,,,,,,,,False,False,False,False,False,False
2020-11-18,,,,,,,,,,,False,False,False,False,False,False
2020-11-25,,,,,,,,,,,False,False,False,False,False,False
2020-12-02,,,,,,,,,,,False,False,False,False,False,False
2020-12-09,,,,,,,,,,,False,False,False,False,False,False
2020-12-16,,,,,,,,,,,False,False,False,False,False,False
2020-12-23,79.23041975094895,1007.0186350345612,34.51786091578345,449.7677277326584,1.1615384615384545,7.969230769230657,6.850646153846183,6.850646153846183,,,True,True,True,True,True,True
2020-12-30,80.46612332506878,1022.7244274616241,34.04431803264896,443.59746396541595,1.1615384615384545,8.700000000000207,4.797985714285635,4.797985714285635,-6.170263767242432,15.705792427062988,True,True,True,True,True,True
2021-01-06,96.90843864654013,1231.706255197525,33.57077514951447,437.4272001981735,1.1615384615384545,8.700000000000207,4.797985714285635,4.797985714285635,-6.170263767242432,208.98182773590088,True,True,True,True,True,True
2021-01-13,94.54901390991091,1201.7179667949677,33.097232266379976,431.2569364309311,,8.700000000000207,4.797985714285635,4.797985714285635,-6.170263767242432,-29.988288402557373,False,True,True,False,True,True
2021-01-20,92.18958917328169,1171.7296783924103,32.623689383245484,425.08667266368866,,,,,-6.170263767242432,-29.988288402557373,True,True,True,False,False,False
2021-01-27,83.74074146937048,1064.3448240756989,32.15014650011099,418.9164088964462,,0.0,5.685016666666605,5.685016666666605,-6.170263767242432,-107.38485431671143,True,True,True,False,True,True
2021-02-03,82.4706531715243,1048.2020018100739,28.791882513611785,375.15822915236157,,0.0,5.685016666666605,5.685016666666605,-43.75817974408466,-16.142822265625,True,True,True,False,True,True
2021-02-10,78.98485071540911,1003.8974525928497,25.433618527112575,331.40004940827686,,0.0,5.685016666666605,5.685016666666605,-43.758179744084714,-44.30454921722412,True,True,True,False,True,True
2021-02-17,80.0993533888546,1018.0627815723419,22.075354540613368,287.6418696641922,,,,,-43.75817974408466,14.165328979492188,False,True,True,False,False,False
2021-02-24,81.21385606230008,1032.228110551834,18.717090554114158,243.8836899201075,,,,,-43.758179744084686,14.165328979492188,True,True,True,False,False,False
2021-03-03,82.97708889895964,1054.638799905777,,,,,,,,22.41068935394287,True,False,True,False,False,False
2021-03-10,83.39509346839671,1059.9516379833221,12.000562581115746,156.36733043193817,,7.800000000000182,,,,5.312838077545166,True,True,True,False,True,False
2021-03-17,83.81309803783378,1065.2644760608673,18.639316232307735,242.8702905069698,,7.800000000000182,,,86.50296007503164,5.312838077545166,False,True,True,False,True,False
2021-03-24,84.23110260727086,1070.5773141384125,25.278069883499725,329.37325058200145,,7.800000000000182,,,86.50296007503164,5.312838077545166,False,True,True,False,True,False
2021-03-31,84.64910717670791,1075.8901522159576,31.916823534691716,415.8762106570331,,,,,86.50296007503164,5.312838077545166,False,True,True,False,False,False
2021-04-07,,,38.555577185883706,502.37917073206467,12.800000000000031,,,,86.50296007503158,,True,True,False,True,False,False
2021-04-14,,,,,12.800000000000031,,,,,,False,False,False,True,False,False
2021-04-21,,,,,12.800000000000031,,,,,,False,False,False,True,False,False
2021-04-28,86.32112545445621,1097.1415045261383,,,,,,,,,True,False,True,False,False,False
2021-05-05,85.37596915295329,1085.1285679340363,,,,,,,,-12.01293659210205,False,False,True,False,False,False
2021-05-12,84.43081285145037,1073.1156313419342,,,,,,,,-12.01293659210205,False,False,True,False,False,False
2021-05-19,83.48565654994745,1061.1026947498322,,,,,,,,-12.01293659210205,True,False,True,False,False,False
2021-05-26,84.25977537708897,1070.941745042801,85.02685274422763,1107.899891257286,25.099999999999984,7.933333333333394,6.193066666666728,6.193066666666728,,9.83905029296875,True,True,True,True,True,True
2021-06-02,85.0338942042305,1080.7807953357697,90.015338341822,1172.8998585939407,26.142857142857206,8.04285714285704,7.084371428571375,7.084371428571375,64.99996733665466,9.83905029296875,True,True,True,True,True,True
2021-06-09,85.80801303137203,1090.6198456287384,95.00382393941638,1237.8998259305954,17.928571428571427,7.100000000000104,5.966871428571375,5.966871428571375,64.99996733665466,9.83905029296875,True,True,True,True,True,True
2021-06-16,86.58213185851355,1100.4588959217072,95.93343459361347,1250.0126527547836,18.785714285714352,10.485714285714234,5.054671428571455,5.054671428571455,12.112826824188232,9.83905029296875,True,True,True,True,True,True
2021-06-23,87.63158816600952,1113.797485589981,103.46808875421331,,25.499999999999936,10.11428571428561,4.619171428571455,4.619171428571455,98.17654371261597,13.338589668273926,True,True,True,True,True,True
2021-06-30,89.4891464456998,1137.4070513248444,102.48354689853518,,12.185714285714312,9.942857142857195,5.226942857142804,5.226942857142804,-12.828580379486084,23.60956573486328,True,True,True,True,True,True
2021-07-07,90.29347603945729,1147.630080461502,101.49918395742854,,13.128571428571442,9.942857142857195,5.483585714285794,5.483585714285794,-12.826249122619629,10.223029136657715,True,True,True,True,True,True
2021-07-14,85.02420446799553,1080.6576387882233,97.24021549876251,1267.0400079488754,4.671428571428611,2.399999999999896,5.903114285714259,5.903114285714259,-55.49435901641846,-66.97244167327881,True,True,True,True,True,True
2021-07-21,84.50920900709511,1074.1120464801788,91.26830722218922,1189.2260431051254,0.0,3.271428571428779,5.975514285714232,5.975514285714232,-77.81396484375,-6.545592308044434,True,True,True,True,True,True
2021-07-28,79.47651176917844,1010.1464645862579,87.42024588383626,1139.0858038663864,0.0,3.271428571428779,5.582371428571508,5.582371428571508,-50.140239238739014,-63.9655818939209,True,True,True,True,True,True
2021-08-04,78.49527949146358,997.6750023365021,96.5865441038347,1258.522669672966,23.871428571428492,2.049999999999922,5.496085714285662,5.496085714285662,119.43686580657959,-12.47146224975586,True,True,True,True,True,True
2021-08-11,77.5223845482623,985.3095076084137,98.5490386795284,1284.093973994255,16.257142857142885,6.600000000000104,6.699328571428545,6.699328571428545,25.571304321289062,-12.365494728088379,True,True,True,True,True,True
2021-08-18,77.03905017426594,979.16632771492,91.26830729537987,1189.2260440587997,11.871428571428494,6.557142857142805,5.841285714285715,5.841285714285715,-94.86792993545532,-6.143179893493652,True,True,True,True,True,True
2021-08-25,76.0785821101311,966.9587786197662,97.07674777974373,1264.9100235700607,11.785714285714286,7.342857142857091,6.342157142857223,6.342157142857223,75.68397951126099,-12.207549095153809,True,True,True,True,True,True
2021-09-01,77.28045845857106,982.2346270084381,99.8621888555935,,19.328571428571454,8.028571428571533,5.936228571428518,5.936228571428518,36.294297218322754,15.275848388671875,True,True,True,True,True,True
2021-09-08,77.76482889353996,988.3909752368927,102.64762993144329,,21.18571428571431,9.800000000000052,5.793,5.793,36.294297218322754,6.15634822845459,True,True,True,True,True,True
2021-09-15,78.25127572735681,994.5737144947052,95.00382393941638,1237.8998259305954,3.157142857142909,10.657142857142649,6.579785714285714,6.579785714285714,-99.59879207611084,6.1827392578125,True,True,True,True,True,True
2021-09-22,77.76482889353996,988.3909752368927,85.02685274422763,1107.899891257286,0.0,10.242857142857247,6.500171428571456,6.500171428571456,-129.99993467330933,-6.1827392578125,True,True,True,True,True,True
2021-09-29,78.25127572735681,994.5737144947052,76.1721091277766,992.5225819349289,0.0,10.242857142857247,6.064071428571429,6.064071428571429,-115.37730932235718,6.1827392578125,True,True,True,True,True,True
2021-10-06,76.0785821101311,966.9587786197662,70.5042685258416,918.670618891716,0.0,5.720000000000073,6.034542857142831,6.034542857142831,-73.85196304321289,-27.614935874938965,True,True,True,True,True,True
2021-10-13,75.60143769021863,960.8942730426788,61.57664453992455,802.343678355217,0.0,8.54285714285704,6.684100000000027,6.684100000000027,-116.32694053649902,-6.064505577087402,True,True,True,True,True,True
2021-10-20,75.12634618370483,954.8558599948883,54.83378133495679,714.484170794487,0.0,8.84285714285709,6.192299999999947,6.192299999999947,-87.85950756072998,-6.038413047790527,True,True,True,True,True,True
2021-10-27,74.18230075145874,942.8570425510406,46.13260790099571,601.1078809499741,0.0,9.557142857142805,5.945985714285768,5.945985714285768,-113.37628984451294,-11.998817443847656,True,True,True,True,True,True
2021-11-03,74.88956858472126,951.8464167118073,38.139839887802,496.96211373806,0.0,8.814285714285818,6.779614285714259,6.779614285714259,-104.14576721191406,8.989374160766602,True,True,True,True,True,True
2021-11-10,70.26051734020915,893.0111753940582,36.29748170776543,472.95618665218353,0.0,3.985714285714234,6.716528571428598,6.716528571428598,-24.005927085876465,-58.83524131774902,True,True,True,True,True,True
2021-11-17,68.91980608273079,875.9707353115082,31.07035497656622,404.8467253446579,0.0,3.985714285714234,6.716528571428598,6.716528571428598,-68.10946130752563,-17.04044008255005,False,True,True,True,True,True
2021-11-24,67.57909482525241,858.9302952289581,25.843228245367015,336.73726403713226,0.0,3.5249999999998636,7.211987500000046,7.211987500000046,-68.10946130752563,-17.04044008255005,True,True,True,True,True,True
2021-12-01,63.90109525525973,812.1829206943512,30.519996408490336,397.6755532026291,4.285714285714156,0.9571428571429611,6.229542857142831,6.229542857142831,60.938289165496826,-46.747374534606934,True,True,True,True,True,True
2021-12-08,62.84586227756142,798.7709095478058,35.104096740918806,457.40638053417206,12.528571428571533,6.071428571428571,6.067100000000027,6.067100000000027,59.73082733154297,-13.41201114654541,True,True,True,True,True,True
2021-12-15,61.59530764579023,782.8763601779938,39.722997622588736,517.5906590223312,12.785714285714286,5.27142857142852,6.624514285714232,6.624514285714232,60.18427848815918,-15.894549369812012,True,True,True,True,True,True
2021-12-22,60.15783735000646,764.6061127185822,39.93736611634881,520.3838804960251,7.742857142857117,6.585714285714338,7.3665285714285975,7.3665285714285975,2.7932214736938477,-18.27024745941162,True,True,True,True,True,True
2021-12-29,63.0559529777965,801.4411623477936,35.20248032311522,458.68831861019135,1.957142857142831,7.457142857142701,6.341657142857089,6.341657142857089,-61.69556188583374,36.835049629211426,True,True,True,True,True,True
2022-01-05,63.0559529777965,801.4411623477936,36.09664755789756,470.3393176794052,11.271428571428519,8.014285714285766,5.3541000000000265,5.3541000000000265,11.650999069213867,0.0,True,True,True,True,True,True
2022-01-12,60.6000191390655,770.2262432575226,44.88109070250188,584.8006118535995,11.271428571428519,8.014285714285766,5.3541000000000265,5.3541000000000265,114.46129417419434,-31.214919090270996,False,True,True,True,True,True
2022-01-19,58.1440853003345,739.0113241672516,53.665533847106204,699.2619060277939,17.683333333333394,8.349999999999758,7.635800000000001,7.635800000000001,114.46129417419434,-31.214919090270996,True,True,True,True,True,True
2022-01-26,58.1440853003345,739.0113241672516,42.90658499036307,559.0728024244308,0.0,9.328571428571584,7.062857142857142,7.062857142857142,-140.18910360336304,0.0,True,True,True,True,True,True
2022-02-02,57.15458734498823,726.4348051548004,46.25056105582237,602.6448105573654,11.085714285714207,5.442857142857195,5.413671428571456,5.413671428571456,43.57200813293457,-12.576519012451172,True,True,True,True,True,True
2022-02-09,61.80254730251621,785.5103762149811,43.01923701878428,560.5406583547592,5.814285714285818,5.442857142857195,5.708542857142831,5.708542857142831,-42.1041522026062,59.075571060180664,True,True,True,True,True,True
2022-02-16,61.388540849453065,780.2483541965485,38.34841614581948,499.67986238002777,3.38571428571426,9.416666666666666,7.8255,7.8255,-60.860795974731445,-5.262022018432617,True,True,True,True,True,True
2022-02-23,62.21844819847004,790.7964766025543,42.79412366020981,557.6074312925339,15.971428571428598,9.314285714285818,5.555928571428572,5.555928571428572,57.9275689125061,10.54812240600586,True,True,True,True,True,True
2022-03-02,61.388540849453065,780.2483541965485,47.3205656339275,616.5869702100754,15.285714285714286,7.057142857142805,6.001785714285715,6.001785714285715,58.979538917541504,-10.54812240600586,True,True,True,True,True,True
2022-03-09,61.182246313237655,777.6263506412506,51.404751884141334,669.8039170503616,15.285714285714286,8.800000000000052,7.049428571428571,7.049428571428571,53.216946840286255,-2.6220035552978516,True,True,True,True,True,True
2022-03-16,61.182246313237655,777.6263506412506,55.48893813435517,723.0208638906479,19.216666666666697,9.38571428571413,6.022857142857142,6.022857142857142,53.216946840286255,0.0,True,True,True,True,True,True
2022-03-23,61.59530764579023,782.8763601779938,58.82917920717896,766.5442050695419,17.099999999999973,9.38571428571439,6.359771428571482,6.359771428571482,43.52334117889404,5.250009536743164,True,True,True,True,True,True
2022-03-30,61.182246313237655,777.6263506412506,65.40145499836181,852.1809586286545,21.84285714285722,9.38571428571439,7.059342857142778,7.059342857142778,85.63675355911255,-5.250009536743164,True,True,True,True,True,True
2022-04-06,59.1451429739231,751.7347671985626,68.58839962176881,893.7068470716476,14.642857142857013,5.2000000000000455,7.227942857142937,7.227942857142937,41.525888442993164,-25.89158344268799,True,True,True,True,True,True
2022-04-13,58.944002856052734,749.1782763004303,74.6472187711931,972.6532605886459,22.600000000000104,5.2000000000000455,7.227942857142937,7.227942857142937,78.94641351699829,-2.556490898132324,True,True,True,True,True,True
2022-04-20,58.74332772006583,746.6276953220367,81.08199514614466,1056.4983967542648,24.985714285714234,8.512500000000045,6.54775,6.54775,83.8451361656189,-2.5505809783935547,True,True,True,True,True,True
2022-04-27,63.477566990676024,806.7998764514923,87.2441188152808,1136.7908681631088,21.34285714285722,8.857142857142858,4.339,4.339,80.292471408844,60.172181129455566,True,True,True,True,True,True
2022-05-04,64.53998839170515,820.3032524585724,89.0094460932365,1159.7930825948715,18.47142857142847,8.699999999999948,5.402428571428572,5.402428571428572,23.002214431762695,13.503376007080078,True,True,True,True,True,True
2022-05-11,68.91090558515019,875.8576099872589,87.49572477794482,1140.0692938566208,18.47142857142847,8.699999999999948,5.203714285714286,5.203714285714286,-19.723788738250732,55.55435752868652,True,True,True,True,True,True
2022-05-18,71.85774781777107,913.3119747638702,85.98200346265311,1120.34550511837,1.6124999999999545,7.8624999999999545,4.597857142857143,4.597857142857143,-19.723788738250732,37.45436477661133,True,True,True,True,True,True
2022-05-25,71.85774781777107,913.3119747638702,78.48155861713295,1022.6147087812424,0.0,6.471428571428468,4.301571428571429,4.301571428571429,-97.73079633712769,0.0,True,True,True,True,True,True
2022-06-01,71.85774781777107,913.3119747638702,71.6350879563063,933.4051960706711,0.0,6.257142857143013,4.922328571428545,4.922328571428545,-89.20951271057129,0.0,True,True,True,True,True,True
2022-06-08,71.85774781777107,913.3119747638702,65.53042272558966,853.8614081144333,0.29999999999992205,8.085714285714337,6.139257142857117,6.139257142857117,-79.5437879562378,0.0,True,True,True,True,True,True
2022-06-15,72.08792968212761,916.2375862598419,73.88938809941571,962.7787269353867,27.514285714285766,8.871428571428364,7.22480000000008,7.22480000000008,108.91731882095337,2.9256114959716797,True,True,True,True,True,True
2022-06-22,72.5498045832036,922.1080162525177,81.39537399032896,1060.5817230939865,24.242857142857115,9.171428571428676,6.467328571428545,6.467328571428545,97.80299615859985,5.870429992675781,True,True,True,True,True,True
2022-06-29,72.5498045832036,922.1080162525177,88.68782319934753,1155.6023362874985,25.485714285714362,8.585714285714337,7.083428571428572,7.083428571428572,95.02061319351196,0.0,True,True,True,True,True,True
2022-07-06,75.83975279828303,963.9232580661774,94.46625357303634,1230.8952840566635,19.11428571428574,7.942857142857195,4.774828571428545,4.774828571428545,75.29294776916504,41.81524181365967,True,True,True,True,True,True
2022-07-13,76.79815917011325,976.1046030521393,84.86795900239454,1105.8295058012009,0.0,9.071428571428571,5.584657142857223,5.584657142857223,-125.06577825546265,12.181344985961914,True,True,True,True,True,True
2022-07-20,77.76482889353996,988.3909752368927,79.36578769456946,1034.1362136602402,0.0,8.957142857142701,5.817842857142778,5.817842857142778,-71.6932921409607,12.286372184753418,True,True,True,True,True,True
2022-07-27,78.49527949146358,997.6750023365021,78.17215120801538,1018.5831302404404,0.0,9.199999999999948,6.023442857142937,6.023442857142937,-15.553083419799805,9.284027099609375,True,True,True,True,True,True
2022-08-03,78.73980428739198,1000.7829124927521,80.6126890874147,1050.3833388090134,29.828571428571454,8.0,5.698185714285687,5.698185714285687,31.800208568572998,3.10791015625,True,True,True,True,True,True
2022-08-10,78.49527949146358,997.6750023365021,83.06286409097,1082.309119105339,16.18571428571418,9.171428571428676,5.676828571428545,5.676828571428545,31.925780296325684,-3.10791015625,True,True,True,True,True,True
2022-08-17,79.72312729533125,1013.2809479236603,91.59200551046926,1193.4438318014145,24.557142857142804,9.11428571428561,6.753700000000053,6.753700000000053,111.13471269607544,15.605945587158203,True,True,True,True,True,True
2022-08-24,79.97026730484141,1016.4220974445343,95.11791471326158,1239.3864287137985,20.628571428571508,9.642857142857142,5.592742857142751,5.592742857142751,45.94259691238403,3.1411495208740234,True,True,True,True,True,True
2022-08-31,80.71484031121999,1025.885620355606,90.29867291359011,1176.5917080640793,6.128571428571377,8.785714285714286,5.9622000000000535,5.9622000000000535,-62.79472064971924,9.463522911071777,True,True,True,True,True,True
2022-09-07,80.96408418179684,1029.0535099506378,95.60710634530184,1245.7605956792831,20.31428571428569,8.900000000000157,5.6357571428572495,5.6357571428572495,69.16888761520386,3.1678895950317383,True,True,True,True,True,True
2022-09-14,81.21385606230008,1032.228110551834,97.07674777974373,1264.9100235700607,17.057142857142935,9.057142857142805,6.446014285714233,6.446014285714233,19.149427890777588,3.174600601196289,True,True,True,True,True,True
2022-09-21,80.71484031121999,1025.885620355606,95.44400161536767,1243.6353410482407,10.785714285714286,8.471428571428467,6.716857142857143,6.716857142857143,-21.27468252182007,-6.342490196228027,True,True,True,True,True,True
2022-09-28,80.4661232500354,1022.7244265079498,97.5672459382784,1271.3012145757675,18.58571428571434,9.0,6.335371428571376,6.335371428571376,27.665873527526855,-3.16119384765625,True,True,True,True,True,True
2022-10-05,80.71484031121999,1025.885620355606,97.89439758152936,1275.5640004873276,15.228571428571481,9.0,5.719857142857143,5.719857142857143,4.262785911560059,3.16119384765625,True,True,True,True,True,True
2022-10-12,80.96408418179684,1029.0535099506378,98.22166402433254,1279.828282237053,15.442857142857065,7.7999999999999545,6.005142857142857,6.005142857142857,4.264281749725342,3.1678895950317383,True,True,True,True,True,True
2022-10-19,79.97026730484141,1016.4220974445343,101.17113539921898,,19.757142857142885,9.057142857142805,6.703285714285714,6.703285714285714,38.43161201477051,-12.631412506103516,True,True,True,True,True,True
2022-10-26,80.4661232500354,1022.7244265079498,95.77025089095578,1247.8863691091537,3.557142857142805,6.928571428571429,5.743285714285714,5.743285714285714,-70.37352514266968,6.302329063415527,True,True,True,True,True,True
2022-11-02,79.47651176917844,1010.1464645862579,93.65270091127819,1220.2946928739548,10.528571428571533,7.857142857142857,6.857042857142964,6.857042857142964,-27.591676235198975,-12.577961921691895,True,True,True,True,True,True
2022-11-09,78.49527949146358,997.6750023365021,86.29960039443267,1124.4837931394577,3.2142857142857144,9.342857142857351,6.531571428571428,6.531571428571428,-95.81089973449707,-12.47146224975586,True,True,True,True,True,True
2022-11-16,77.28045845857106,982.2346270084381,78.94649987758714,1028.6728934049606,2.5714285714285716,8.899999999999896,7.001728571428518,7.001728571428518,-95.81089973449707,-15.440375328063965,True,True,True,True,True,True
2022-11-23,75.12634618370483,954.8558599948883,72.23336397457928,941.200732588768,0.0,5.628571428571377,6.786428571428572,6.786428571428572,-87.47216081619263,-27.378767013549805,True,True,True,True,True,True
2022-11-30,77.28045845857106,982.2346270084381,66.98604057316403,872.8281086683273,1.7857142857141557,8.0,6.001314285714179,6.001314285714179,-68.37262392044067,27.378767013549805,True,True,True,True,True,True
2022-12-07,77.28045845857106,982.2346270084381,62.13393144578268,809.6051267385483,3.1857142857143117,7.157142857142909,6.229771428571482,6.229771428571482,-63.22298192977905,0.0,True,True,True,True,True,True
2022-12-14,75.60143769021863,960.8942730426788,56.81224135554761,740.2635048627853,3.3714285714286234,8.685714285714182,7.259128571428625,7.259128571428625,-69.34162187576294,-21.340353965759277,True,True,True,True,True,True
2022-12-21,73.47961670765251,933.9259283542633,61.160365334859925,796.9195603132248,16.07142857142844,6.257142857143013,5.798871428571375,5.798871428571375,56.65605545043945,-26.968344688415527,True,True,True,True,True,True
2022-12-28,73.94756428563248,939.8735420703888,64.40257242068088,839.1655186414719,14.328571428571454,7.557142857142805,5.463714285714286,5.463714285714286,42.24595832824707,5.947613716125488,True,True,True,True,True,True
2023-01-04,73.71333647111942,936.8965065479279,64.47373034857094,840.0927064418793,9.814285714285818,6.785714285714286,7.31818571428582,7.31818571428582,0.9271878004074097,-2.9770355224609375,True,True,True,True,True,True
2023-01-11,85.24036458118238,1083.405033826828,64.544888276461,841.0198942422867,9.814285714285818,6.785714285714286,7.31818571428582,7.31818571428582,0.9271878004074097,146.50852727890015,False,True,True,True,True,True
2023-01-18,96.76739269124533,1229.9135611057281,64.61604620435104,841.9470820426941,8.587499999999977,1.6375000000000455,5.0430625,5.0430625,0.9271878004074097,146.50852727890015,True,True,True,True,True,True
2023-01-25,92.18958917328169,1171.7296783924103,64.68720413224109,842.8742698431015,0.0,4.27142857142852,6.1636428571428565,6.1636428571428565,0.9271878004074097,-58.18388271331787,True,True,True,True,True,True
2023-02-01,92.00808281602117,1169.422732591629,59.509882218821275,775.4137653112411,0.0,4.557142857142805,6.58724285714275,6.58724285714275,-67.46050453186035,-2.30694580078125,True,True,True,True,True,True
2023-02-08,91.82657645876064,1167.1157867908478,55.75221797089712,726.4514001607895,0.0,6.528571428571532,4.3534714285715355,4.3534714285715355,-48.96236515045166,-2.30694580078125,True,True,True,True,True,True
2023-02-15,91.64507010150012,1164.8088409900665,53.27929472429241,694.2292102575302,0.0,0.0,6.731285714285714,6.731285714285714,-32.22218990325928,-2.30694580078125,True,True,True,True,True,True
2023-02-22,87.895313104619,1117.1494295597076,51.372192524436436,669.3796685934067,0.0,0.0,6.164357142857143,6.164357142857143,-24.849541664123535,-47.65941143035889,True,True,True,True,True,True
2023-03-01,82.7236048918273,1051.4170181751251,48.648838391234484,633.8943642377853,0.0,1.1714285714286754,6.533357142857143,6.533357142857143,-35.48530435562134,-65.73241138458252,True,True,True,True,True,True
2023-03-08,83.48565654994745,1061.1026947498322,46.25056105582237,602.6448105573654,7.371428571428623,9.61428571428561,6.896485714285768,6.896485714285768,-31.249553680419922,9.685676574707031,True,True,True,True,True,True
2023-03-15,86.06066049130108,1093.8309948444366,46.01484251681055,599.5733979940414,10.685714285714312,9.742857142857247,6.22665714285709,6.22665714285709,-3.0714125633239746,32.72830009460449,True,True,True,True,True,True
2023-03-22,85.02420454302893,1080.6576397418976,44.61634837016635,581.3510192632675,7.714285714285714,8.271428571428519,6.418428571428572,6.418428571428572,-18.222378730773926,-13.173355102539062,True,True,True,True,True,True
2023-03-29,83.74074146937048,1064.3448240756989,46.25056105582237,602.6448105573654,11.942857142857065,7.699999999999948,7.8852000000000535,7.8852000000000535,21.2937912940979,-16.31281566619873,True,True,True,True,True,True
2023-04-05,82.97708889895964,1054.638799905777,46.487029908898236,605.725999712944,9.714285714285714,7.800000000000052,7.089799999999947,7.089799999999947,3.0811891555786133,-9.706024169921875,True,True,True,True,True,True
2023-04-12,81.96634389020439,1041.7922308444977,44.61634837016635,581.3510192632675,7.071428571428571,8.028571428571272,7.742,7.742,-24.374980449676514,-12.846569061279297,True,True,True,True,True,True
2023-04-19,83.23110586822173,1057.8673555850983,44.84754295780946,584.3634847402573,10.771428571428649,9.028571428571533,6.91815714285709,6.91815714285709,3.012465476989746,16.075124740600586,True,True,True,True,True,True
2023-04-26,82.97708889895964,1054.638799905777,40.368415013881986,526.0004476308823,3.5857142857142077,8.985714285714234,7.552700000000053,7.552700000000053,-58.363037109375,-3.228555679321289,True,True,True,True,True,True
2023-05-03,81.21385606230008,1032.228110551834,43.81313652417702,570.8851689100266,12.714285714285845,5.171428571428676,7.127285714285714,7.127285714285714,44.88472127914429,-22.41068935394287,True,True,True,True,True,True
2023-05-10,80.21793224790919,1019.5699188709259,49.752237233215354,648.2716511487961,20.128571428571377,9.0,8.33262857142857,8.33262857142857,77.38648223876953,-12.658191680908203,True,True,True,True,True,True
2023-05-17,80.0940997763753,1017.9960081577301,54.83626410856854,714.5165213346481,19.714285714285715,7.842857142857091,8.33262857142857,8.33262857142857,66.24487018585205,-1.5739107131958008,True,True,True,True,True,True
2023-05-24,79.97026730484141,1016.4220974445343,59.92029098392173,780.7613915205002,19.928571428571427,10.399999999999896,6.557799999999999,6.557799999999999,66.24487018585205,-1.5739107131958008,True,True,True,True,True,True
2023-05-31,79.72312729533125,1013.2809479236603,66.11948433237083,861.5368808507919,21.428571428571427,8.728571428571481,7.036142857142857,7.036142857142857,80.77548933029175,-3.1411495208740234,True,True,True,True,True,True
2023-06-07,79.97026730484141,1016.4220974445343,72.38326320626236,943.1539195775986,21.157142857142908,8.942857142857195,6.806171428571431,6.806171428571431,81.61703872680664,3.1411495208740234,True,True,True,True,True,True
2023-06-14,79.97026730484141,1016.4220974445343,75.40814665218362,982.5681508779526,16.19999999999995,7.871428571428623,6.360271428571424,6.360271428571424,39.414231300354004,0.0,True,True,True,True,True,True
2023-06-21,79.72312729533125,1013.2809479236603,77.86319146957749,1014.5573848485947,13.628571428571506,7.671428571428415,6.4745,6.4745,31.98923397064209,-3.1411495208740234,True,True,True,True,True,True
2023-06-28,79.47651176917844,1010.1464645862579,81.76323749976989,1065.3749846220016,13.628571428571506,8.700000000000207,6.876142857142858,6.876142857142858,50.81759977340698,-3.1344833374023438,True,True,True,True,True,True
2023-07-05,78.98485079044248,1003.897453546524,85.66328352996229,1116.1925843954086,15.125,5.728571428571221,7.258,7.258,50.81759977340698,-6.249011039733887,True,True,True,True,True,True
2023-07-12,79.47755904764195,1010.1597754955292,81.03020843504396,1055.8236159086227,15.125,9.485714285714494,7.258,7.258,-60.36896848678589,6.262321949005127,True,True,True,True,True,True
2023-07-19,79.97026730484141,1016.4220974445343,76.39713334012562,995.4546474218369,15.125,9.071428571428571,6.944162500000006,6.944162500000006,-60.36896848678589,6.262321949005127,True,True,True,True,True,True
2023-07-26,80.71484031121999,1025.885620355606,71.76405824520728,935.085678935051,,8.685714285714182,6.4159571428571365,6.4159571428571365,-60.36896848678589,9.463522911071777,True,True,True,False,True,True
2023-08-02,80.21793224790919,1019.5699188709259,67.13098315028896,874.7167104482651,0.0,7.342857142857091,6.125571428571428,6.125571428571428,-60.36896848678589,-6.315701484680176,True,True,True,True,True,True
2023-08-09,80.4661232500354,1022.7244265079498,54.1829953354684,706.0044292211533,0.0,7.342857142857091,6.125571428571428,6.125571428571428,-168.71228122711182,3.154507637023926,True,True,True,True,True,True
2023-08-16,80.21793224790919,1019.5699188709259,53.15090319054546,692.5562685728073,0.0,9.016666666666728,7.302666666666667,7.302666666666667,-13.448160648345947,-3.154507637023926,True,True,True,True,True,True
2023-08-23,78.98485071540911,1003.8974525928497,46.72424830753622,608.816955447197,0.0,7.72857142857148,7.587914285714289,7.587914285714289,-83.73931312561035,-15.672466278076172,True,True,True,True,True,True
2023-08-30,78.25127572735681,994.5737144947052,40.368415013881986,526.0004476308823,0.0,9.014285714285766,7.7005142857142825,7.7005142857142825,-82.8165078163147,-9.323738098144531,True,True,True,True,True,True
2023-09-06,77.5223845482623,985.3095076084137,34.1309082572129,444.72573459148407,0.0,8.942857142857195,7.811714285714286,7.811714285714286,-81.2747130393982,-9.264206886291504,True,True,True,True,True,True
2023-09-13,77.03905017426594,979.16632771492,29.123108321121816,379.4741014242172,0.0,8.942857142857195,6.935714285714285,6.935714285714285,-65.25163316726685,-6.143179893493652,True,True,True,True,True,True
2023-09-20,76.79815917011325,976.1046030521393,22.860809911331213,297.8763531446457,0.0,7.900000000000091,6.678,6.678,-81.59774827957153,-3.0617246627807617,True,True,True,True,True,True
2023-09-27,74.18230075145874,942.8570425510406,18.3273783392478,238.80573976039886,0.0,7.900000000000091,6.678,6.678,-59.070613384246826,-33.24756050109863,True,True,True,True,True,True
2023-10-04,73.24640416986449,930.9617969989777,12.430998580051401,161.97591149806976,0.0,7.625,7.353349999999991,7.353349999999991,-76.8298282623291,-11.895245552062988,True,True,True,True,True,True
2023-10-11,71.17021639078833,904.5734503269196,6.534618820855001,85.14608323574066,0.0,7.928571428571429,7.616800000000013,7.616800000000013,-76.8298282623291,-26.388346672058105,True,True,True,True,True,True
2023-10-18,66.04762990862999,839.4653761386871,6.534618820855001,85.14608323574066,0.0,0.0,8.004728571428585,8.004728571428585,0.0,-65.10807418823242,True,True,True,True,True,True
2023-10-25,61.182246313237655,777.6263506412506,6.534618820855001,85.14608323574066,0.0,0.0,7.131628571428558,7.131628571428558,0.0,-61.83902549743652,True,True,True,True,True,True
2023-11-01,55.982339804234414,711.5355389118195,6.534618820855001,85.14608323574066,0.0,0.0,8.085214285714285,8.085214285714285,0.0,-66.09081172943115,True,True,True,True,True,True
2023-11-08,51.09043310797187,649.3594048023224,6.534618820855001,85.14608323574066,0.0,0.0,7.255857142857143,7.255857142857143,0.0,-62.17613410949707,True,True,True,True,True,True
2023-11-15,46.15440130421348,586.6224405765533,6.534618820855001,85.14608323574066,0.0,0.0,7.006857142857143,7.006857142857143,0.0,-62.73696422576904,True,True,True,True,True,True
2023-11-22,41.868189373511576,532.1446869373322,,,0.0,0.0,7.176857142857143,7.176857142857143,,-54.47775363922119,True,False,True,True,True,True
2023-11-29,38.45709105535908,488.7896273136139,,,0.0,0.6857142857141818,6.545714285714285,6.545714285714285,,-43.35505962371826,True,False,True,True,True,True
2023-12-06,38.75919887158554,492.6294176578522,6.534618820855001,85.14608323574066,20.714285714285456,4.771428571428779,6.253,6.253,,3.8397903442382812,True,True,True,True,True,True
2023-12-13,39.675048258621615,504.2698633670807,27.445488596365074,357.6147164106369,21.08571428571434,8.657142857142649,6.6115,6.6115,272.46863317489624,11.640445709228516,True,True,True,True,True,True
2023-12-20,41.075833757311976,522.0738470554352,35.59795131339353,463.84130561351776,20.80000000000005,9.528571428571533,5.901928571428571,5.901928571428571,106.22658920288086,17.803983688354492,True,True,True,True,True,True
2023-12-27,41.868189373511576,532.1446869373322,42.234682570213735,550.317913889885,19.214285714285843,9.142857142857142,6.174357142857143,6.174357142857143,86.47660827636719,10.070839881896973,True,True,True,True,True,True
2024-01-03,45.47663142041462,578.0079853534698,46.487029908898236,605.725999712944,14.671428571428676,7.985714285714494,7.112,7.112,55.40808582305908,45.863298416137695,True,True,True,True,True,True
2024-01-10,43.157190061009466,548.5278856754303,52.76679666062455,687.5513604879379,16.014285714285506,4.128571428571116,6.742071428571428,6.742071428571428,81.8253607749939,-29.48009967803955,True,True,True,True,True,True
2024-01-17,43.32016482304439,550.5992949008942,55.884117679420285,728.1700533628464,15.471428571428467,7.814285714285818,6.745285714285714,6.745285714285714,40.61869287490845,2.071409225463867,True,True,True,True,True,True
2024-01-24,42.670737974855676,542.3450796604156,57.34636656431079,747.2231563329697,13.085714285714337,7.299999999999792,7.260714285714286,7.260714285714286,19.05310297012329,-8.254215240478516,True,True,True,True,True,True
2024-01-31,44.63887925601962,567.3601553440094,50.56641162524414,658.8803434769312,0.0,7.085714285714597,5.082642857142857,5.082642857142857,-88.34281285603845,25.01507568359375,True,True,True,True,True,True
2024-02-07,47.18375826894909,599.7055675983429,43.7864566861775,570.5375306208928,0.0,9.54285714285704,7.040357142857142,7.040357142857142,-88.34281285603845,32.345412254333496,True,True,True,True,True,True
2024-02-14,47.3568073133143,601.9050209522247,37.00650174711085,482.19471776485443,0.0,9.357142857142858,7.604285714285714,7.604285714285714,-88.34281285603834,2.199453353881836,True,True,True,True,True,True
2024-02-21,49.11089012887326,624.1994135379791,41.79057298215279,544.5311659574509,15.142857142857142,9.22857142857122,5.858714285714286,5.858714285714286,62.336448192596436,22.294392585754395,True,True,True,True,True,True
2024-02-28,52.00776785588659,661.0187294483185,44.15623187469869,575.3557013273239,11.27142857142878,9.214285714285714,6.275942857142871,6.275942857142871,30.824535369873047,36.819315910339355,True,True,True,True,True,True
2024-03-06,52.74960191863245,670.4474403858185,43.41904259789292,565.7501250505447,1.599999999999844,9.642857142857142,6.2109142857142725,6.2109142857142725,-9.605576276779175,9.4287109375,True,True,True,True,True,True
2024-03-13,52.74960191863245,670.4474403858185,42.68185332108715,556.1445487737656,15.514285714285766,9.642857142857142,6.2109142857142725,6.2109142857142725,-9.605576276779175,0.0,True,True,True,True,True,True
2024-03-20,52.37779701722128,665.7218000888824,44.963423975229446,585.8734143972397,11.971428571428728,7.474999999999909,6.946612499999988,6.946612499999988,29.72886562347412,-4.725640296936035,True,True,True,True,True,True
2024-03-27,54.63543795488839,694.4164164066315,52.25715449655962,680.9107230901718,18.65714285714265,9.128571428571636,7.3388428571428435,7.3388428571428435,95.03730869293213,28.694616317749023,True,True,True,True,True,True
2024-04-03,55.98233972920104,711.5355379581451,44.963423975229446,585.8734143972397,0.4142857142856623,9.45714285714296,7.08444285714287,7.08444285714287,-95.03730869293213,17.119121551513672,True,True,True,True,True,True
2024-04-10,56.56640522129231,718.9590103626251,44.385911122890775,578.3484219312668,0.0,8.61428571428561,6.6811428571428575,6.6811428571428575,-7.5249924659729,7.4234724044799805,True,True,True,True,True,True
2024-04-17,56.37125997070625,716.4787142276764,52.8946540123302,689.2173417806625,30.357142857142858,8.700000000000207,8.135714285714286,8.135714285714286,110.86891984939575,-2.4802961349487305,True,True,True,True,True,True
2024-04-24,57.24897424908563,727.6344627058784,52.8946540123302,689.2173417806625,30.357142857142858,8.157142857142649,8.169928571428573,8.169928571428573,0.0,11.155748478201986,True,True,True,True,True,True
2024-05-01,58.126688527465014,738.7902111840802,52.8946540123302,689.2173417806625,30.357142857142858,8.142857142857142,8.169928571428573,8.169928571428573,0.0,11.155748478201872,True,True,True,True,True,True
2024-05-08,59.00440280584439,749.9459596622822,52.8946540123302,689.2173417806625,,8.142857142857142,8.169928571428573,8.169928571428573,0.0,11.155748478201986,False,True,True,False,True,True
2024-05-15,59.88211708422377,761.1017081404841,52.8946540123302,689.2173417806625,,8.142857142857142,,,0.0,11.155748478201872,False,True,True,False,True,False
2024-05-22,,,,,,,,,,,False,False,False,False,False,False
2024-05-29,,,,,,,,,,,False,False,False,False,False,False
2024-06-05,,,,,,,,,,,False,False,False,False,False,False
2024-06-12,,,,,,,,,,,False,False,False,False,False,False
2024-06-19,,,,,,,,,,,False,False,False,False,False,False
2024-06-26,,,,,,,,,,,False,False,False,False,False,False
2024-07-03,,,,,,,,,,,False,False,False,False,False,False
2024-07-10,,,,,,,,,,,False,False,False,False,False,False
2024-07-17,,,,,,,,,,,False,False,False,False,False,False
2024-07-24,,,,,,,,,,,False,False,False,False,False,False
2024-07-31,,,,,,,,,,,False,False,False,False,False,False
2024-08-07,,,,,,,,,,,False,False,False,False,False,False
2024-08-14,,,,,,,,,,,False,False,False,False,False,False
2024-08-21,,,,,,,,,,,False,False,False,False,False,False
2024-08-28,,,,,,,,,,,False,False,False,False,False,False
2024-09-04,,,,,,,,,,,False,False,False,False,False,False
2024-09-11,,,,,,,,,,,False,False,False,False,False,False
2024-09-18,,,,,,,,,,,False,False,False,False,False,False
2024-09-25,,,,,,,,,,,False,False,False,False,False,False
2024-10-02,,,,,,,,,,,False,False,False,False,False,False
2024-10-09,,,,,,,,,,,False,False,False,False,False,False
2024-10-16,,,,,,,,,,,False,False,False,False,False,False
2024-10-23,,,,,,,,,,,False,False,False,False,False,False
2024-10-30,,,,,,,,,,,False,False,False,False,False,False
2024-11-06,,,,,,,,,,,False,False,False,False,False,False
2024-11-13,,,,,,,,,,,False,False,False,False,False,False
2024-11-20,,,,,,,,,,,False,False,False,False,False,False
2024-11-27,,,,,,,,,,,False,False,False,False,False,False
2024-12-04,,,,,,,,,,,False,False,False,False,False,False
2024-12-11,,,,,,,,,,,False,False,False,False,False,False
2024-12-18,,,,,,,,,,,False,False,False,False,False,False
2024-12-25,,,,,,,,,,,False,False,False,False,False,False
2025-01-01,,,,,,,,,,,False,False,False,False,False,False
2025-01-08,,,,,,,,,,,False,False,False,False,False,False
2025-01-15,,,,,,,,,,,False,False,False,False,False,False
2025-01-22,,,,,,,,,,,False,False,False,False,False,False
2025-01-29,,,,,,,,,,,False,False,False,False,False,False
2025-02-05,,,,,,,,,,,False,False,False,False,False,False
2025-02-12,94.11297394101963,1196.1758987903595,,,,,,,,,True,False,True,False,False,False
2025-02-19,94.11297394101963,1196.1758987903595,,,,,,,,0.0,False,False,True,False,False,False
2025-02-26,94.11297394101963,1196.1758987903595,,,,,,,,0.0,False,False,True,False,False,False
2025-03-05,94.11297394101963,1196.1758987903595,,,,,,,,0.0,False,False,True,False,False,False
2025-03-12,94.11297394101963,1196.1758987903595,,,,,,,,0.0,False,False,True,False,False,False
2025-03-19,,,,,,,,,,,False,False,False,False,False,False
2025-03-26,,,,,,,,,,,False,False,False,False,False,False
2025-04-02,,,,,,,,,,,False,False,False,False,False,False
2025-04-09,,,,,,,,,,,False,False,False,False,False,False
2025-04-16,,,,,,,,,,,False,False,False,False,False,False
2025-04-23,,,,,,,,,,,False,False,False,False,False,False
2025-04-30,,,,,,,,,,,False,False,False,False,False,False
2025-05-07,,,,,,,,,,,False,False,False,False,False,False
2025-05-14,,,,,,,,,,,False,False,False,False,False,False
2025-05-21,,,,,,,,,,,False,False,False,False,False,False
2025-05-28,,,,,,,,,,,False,False,False,False,False,False
2025-06-04,,,,,,,,,,,False,False,False,False,False,False
2025-06-11,,,,,,,,,,,False,False,False,False,False,False
2025-06-18,,,,,,,,,,,False,False,False,False,False,False
2025-06-25,,,,,,,,,,,False,False,False,False,False,False
2025-07-02,,,,,,,,,,,False,False,False,False,False,False
2025-07-09,,,,,,,,,,,False,False,False,False,False,False
2025-07-16,,,,,,,,,,,False,False,False,False,False,False
2025-07-23,,,,,,,,,,,False,False,False,False,False,False
2025-07-30,,,,,,,,,,,False,False,False,False,False,False
2025-08-06,,,,,,,,,,,False,False,False,False,False,False
2025-08-13,,,,,,,,,,,False,False,False,False,False,False
2025-08-20,,,,,,,,,,,False,False,False,False,False,False
2025-08-27,,,,,,,,,,,False,False,False,False,False,False
2025-09-03,,,,,,,,,,,False,False,False,False,False,False
2025-09-10,,,,,,,,,,,False,False,False,False,False,False
2025-09-17,,,,,,,,,,,False,False,False,False,False,False
2025-09-24,,,,,,,,,,,False,False,False,False,False,False
2025-10-01,,,,,,,,,,,False,False,False,False,False,False
2025-10-08,,,,,,,,,,,False,False,False,False,False,False
2025-10-15,,,,,,,,,,,False,False,False,False,False,False
2025-10-22,,,,,,,,,,,False,False,False,False,False,False
2025-10-29,,,,,,,,,,,False,False,False,False,False,False
